# component	locked_baseline	upstream_commit_or_bug	classification	cve	decision	primary_source
lua	5.1.5	Lua-5.2.2-1	fixed-parameter-vararg-stack-overflow	CVE-2014-5461	already-covered-by-locked-QSDK-extension	https://www.lua.org/bugs.html#5.2.2-1
lua	5.1.5	d5728cb5795c966c5b5b1e0f0ac576a7e69af539	parser-chunk-name-GC-use-after-free	CVE-2025-49844	backport	https://github.com/redis/redis/commit/d5728cb5795c966c5b5b1e0f0ac576a7e69af539
lua	5.1.5	Lua-5.2.3-1	table-unpack-signed-overflow	-	backport	https://www.lua.org/bugs.html#5.2.3-1
lua	5.1.5	Lua-5.2.3-3	parser-line-overflow-uninitialized-token	-	backport	https://www.lua.org/bugs.html#5.2.3-3
ubus-lua	b32a0e17b37847e8357b53a358d1311bfc3ad5d2	3ab9d77595457f56ed1f26350ce15d308e50f09f	non-table-lua_next-crash	-	backport	https://git.openwrt.org/project/ubus/commit/?id=3ab9d77595457f56ed1f26350ce15d308e50f09f
ubus-lua	b32a0e17b37847e8357b53a358d1311bfc3ad5d2	43051ca73aec19c53d20e17e0e37a8ebd7d52d56	unchecked-allocation-null-deref-and-leak	-	backport	https://git.openwrt.org/project/ubus/commit/?id=43051ca73aec19c53d20e17e0e37a8ebd7d52d56
libubus	b32a0e17b37847e8357b53a358d1311bfc3ad5d2	4b274055ede3d58ceaf2ddb21bd20bcb3d26532f	queue-allocation-null-deref	-	core-blocker	https://git.openwrt.org/project/ubus/commit/?id=4b274055ede3d58ceaf2ddb21bd20bcb3d26532f
libubus	b32a0e17b37847e8357b53a358d1311bfc3ad5d2	8b5be570f13e49adf0ccc1c4fb77b0649992842d	acl-allocation-dangling-pointers	-	core-blocker	https://git.openwrt.org/project/ubus/commit/?id=8b5be570f13e49adf0ccc1c4fb77b0649992842d
libubus	b32a0e17b37847e8357b53a358d1311bfc3ad5d2	f787c97b34894a38b15599886cacbca01271684f	shutdown-registered-fd-use-after-free-risk	-	core-blocker-binding-close	https://git.openwrt.org/project/ubus/commit/?id=f787c97b34894a38b15599886cacbca01271684f
libubus	b32a0e17b37847e8357b53a358d1311bfc3ad5d2	d996988ae55b6af12e4611fdd758a2f0ad27a9a1	deferred-request-file-descriptor-leak	-	core-blocker-binding-deferred-request	https://git.openwrt.org/project/ubus/commit/?id=d996988ae55b6af12e4611fdd758a2f0ad27a9a1
libubus	b32a0e17b37847e8357b53a358d1311bfc3ad5d2	f29767f90af112040cdf8a1ee402e5d3d48115b3	message-file-descriptor-leaks	-	core-blocker	https://git.openwrt.org/project/ubus/commit/?id=f29767f90af112040cdf8a1ee402e5d3d48115b3
libubus	b32a0e17b37847e8357b53a358d1311bfc3ad5d2	5849870f2251e7ca67804510446a4d6ca9e9dba2	request-file-descriptor-leaks	-	core-blocker	https://git.openwrt.org/project/ubus/commit/?id=5849870f2251e7ca67804510446a4d6ca9e9dba2
libubus	b32a0e17b37847e8357b53a358d1311bfc3ad5d2	8188f5ce8564e7f4114e2db2dded1e6361957b2a	receive-error-file-descriptor-leak	-	core-blocker	https://git.openwrt.org/project/ubus/commit/?id=8188f5ce8564e7f4114e2db2dded1e6361957b2a
libubus	b32a0e17b37847e8357b53a358d1311bfc3ad5d2	bcc45ca981fd61e11934776bcee18f628156a7f7	missing-FD_CLOEXEC	-	core-blocker	https://git.openwrt.org/project/ubus/commit/?id=bcc45ca981fd61e11934776bcee18f628156a7f7
libubus	b32a0e17b37847e8357b53a358d1311bfc3ad5d2	747013f6ea05a168d000531553f8de90f8b87b7f	reconnect-stale-fd-double-close	-	core-blocker	https://git.openwrt.org/project/ubus/commit/?id=747013f6ea05a168d000531553f8de90f8b87b7f
uci-lua	415f9e48436d29f612348f58f546b3ad8d74ac38	19ceff323f1e2e7df26031a9fae29fff2edc65bd	changes-config-list-leak	-	backport	https://git.openwrt.org/project/uci/commit/?id=19ceff323f1e2e7df26031a9fae29fff2edc65bd
uci-lua	415f9e48436d29f612348f58f546b3ad8d74ac38	39093f3b040df895da812e2932b55feeeb1201df	empty-table-error-buffer-leak	-	backport	https://git.openwrt.org/project/uci/commit/?id=39093f3b040df895da812e2932b55feeeb1201df
libuci	415f9e48436d29f612348f58f546b3ad8d74ac38	a3e650911f5e6f67dcff09974df3775dfd615da6	parse-package-heap-use-after-free	-	already-covered-by-QSDK-001	https://git.openwrt.org/project/uci/commit/?id=a3e650911f5e6f67dcff09974df3775dfd615da6
libuci	415f9e48436d29f612348f58f546b3ad8d74ac38	eae126f66663e5c73e5d290b8e3134449489340f	strtok-buffer-overread	-	already-covered-by-QSDK-002	https://git.openwrt.org/project/uci/commit/?id=eae126f66663e5c73e5d290b8e3134449489340f
libuci	415f9e48436d29f612348f58f546b3ad8d74ac38	aa5e77a13d955ac9b497efc015c957c475734f0d	parse-config-use-after-realloc	-	core-blocker	https://git.openwrt.org/project/uci/commit/?id=aa5e77a13d955ac9b497efc015c957c475734f0d
libuci	415f9e48436d29f612348f58f546b3ad8d74ac38	e8d83732f9eb571dce71aa915ff38a072579610b	parse-option-use-after-realloc	-	core-blocker	https://git.openwrt.org/project/uci/commit/?id=e8d83732f9eb571dce71aa915ff38a072579610b
libuci	415f9e48436d29f612348f58f546b3ad8d74ac38	9cf978bc79641691f0c603c71fcfa98c1626ce59	delta-null-pointer-dereference	-	core-blocker	https://git.openwrt.org/project/uci/commit/?id=9cf978bc79641691f0c603c71fcfa98c1626ce59
libuci	415f9e48436d29f612348f58f546b3ad8d74ac38	9b6605ec4c3ad6a6e5b6964b02a28d171a5802b5	uci-set-option-name-use-after-free	-	core-blocker-native-api	https://git.openwrt.org/project/uci/commit/?id=9b6605ec4c3ad6a6e5b6964b02a28d171a5802b5
libuci	415f9e48436d29f612348f58f546b3ad8d74ac38	47697e6579be2c9f4cfc51eec1d35d453c3c7c5e	uci-add-list-option-name-use-after-free	-	core-blocker-native-api	https://git.openwrt.org/project/uci/commit/?id=47697e6579be2c9f4cfc51eec1d35d453c3c7c5e
libuci	415f9e48436d29f612348f58f546b3ad8d74ac38	74f2797fca21fee456ca669e61dfde4e031c3db8	uci-add-list-non-atomic-on-OOM	-	core-hardening	https://git.openwrt.org/project/uci/commit/?id=74f2797fca21fee456ca669e61dfde4e031c3db8
libuci	415f9e48436d29f612348f58f546b3ad8d74ac38	16e8a3b1335a468c3aa6578db6ab2aa97b26fa45	uci-set-section-allocation-leak	-	core-hardening	https://git.openwrt.org/project/uci/commit/?id=16e8a3b1335a468c3aa6578db6ab2aa97b26fa45
libuci-ucimap	415f9e48436d29f612348f58f546b3ad8d74ac38	a2cab3b088a29b885e33b923edb062badfb92346	ucimap-use-after-free	-	not-in-six-package-payload	https://git.openwrt.org/project/uci/commit/?id=a2cab3b088a29b885e33b923edb062badfb92346
iwinfo	07315b6fdb2566a8626d8a1e4de76eb30456fe17	ebd5f84955d180b3357f7005762a6cfb42cf1b1c	uninitialized-return-on-total-scan-failure	-	correctness-not-security	https://git.openwrt.org/project/iwinfo/commit/?id=ebd5f84955d180b3357f7005762a6cfb42cf1b1c
iwinfo	07315b6fdb2566a8626d8a1e4de76eb30456fe17	dd4e1ffeacfde2499da67d523f548dead52e04c7	wpactl-client-socket-group-permissions	-	functional-not-security-backport	https://git.openwrt.org/project/iwinfo/commit/?id=dd4e1ffeacfde2499da67d523f548dead52e04c7
iwinfo	07315b6fdb2566a8626d8a1e4de76eb30456fe17	6e198d3757524570db96458cafb6ee085b366aca	uninitialized-wpactl-scan-fields-rpcd-array-index	-	backport	https://git.openwrt.org/project/iwinfo/commit/?id=6e198d3757524570db96458cafb6ee085b366aca
